name,domain
ucr-nanofluidbcoe,multimodal.ucr.edu
ucr-nanofluidbcoe,multimodal.engr.ucr.edu
ucr-nanofluidbcoe,nanochiral.engr.ucr.edu
ucr-uclightbcoe,www.uclight.ucr.edu
ucr-uclightbcoe,uclight.ucr.edu
ucr-pdcsbcoe,pdcs.engr.ucr.edu
ucr-weareinbcoe,wearein.engr.ucr.edu
ucr-noshadilabbcoe,noshadilab.engr.ucr.edu
ucr-bmechlabbcoe,bmech.engr.ucr.edu
ucr-bmechlabbcoe,bmech.ucr.edu
ucr-pollutionbcoe,pollution.ucr.edu
ucr-mrzgroupbcoe,mrzgroup.ucr.edu
ucr-mrzgroupbcoe,mrzgroup.engr.ucr.edu
ucr-xichenlabbcoe,xichenlab.engr.ucr.edu
ucr-bbdlbcoe,bbdl.engr.ucr.edu
ucr-mihrilabbcoe,mihrilab.engr.ucr.edu
ucr-mobilityengineeringbcoe,mobility.engr.ucr.edu
ucr-mobilityengineeringbcoe,automotive.engr.ucr.edu
ucr-mobilityengineeringbcoe,transportation.engr.ucr.edu
ucr-ecocarbcoe,ecocar.engr.ucr.edu
ucr-sdrbcoe,sdr.engr.ucr.edu
ucr-sdrbcoe,sdr.ucr.edu
ucr-bioannualreport2022bcoe,bioannualreport2022.engr.ucr.edu
ucr-vsclabbcoe,vsclab.engr.ucr.edu
ucr-vsclabbcoe,vsclab.mse.ucr.edu
ucr-vsclabbcoe,vsclab.ece.ucr.edu
ucr-vsclabbcoe,sclab.ee.ucr.edu
ucr-liulabbcoe,liulab.engr.ucr.edu
ucr-rampbcoe,ramp.engr.ucr.edu
ucr-arcslabbcoe,arcs.engr.ucr.edu
ucr-nazaripouyalabbcoe,nazaripouyalab.engr.ucr.edu
ucr-biomodelbcoe,biomodel.engr.ucr.edu
ucr-biomodelbcoe,biomodel.ucr.edu
ucr-realmutolabbcoe,bsl.engr.ucr.edu
ucr-kknetsyslabcsbcoe,kknetsyslab.cs.ucr.edu
ucr-covenbcoe,coven.engr.ucr.edu
ucr-crespbcoe,cresp.cs.ucr.edu
ucr-msebcoe,mse.ucr.edu
ucr-msebcoe,www.mse.ucr.edu
ucr-tbpbcoe,tbp.ucr.edu
ucr-philipbcoecs,philip.cs.ucr.edu
ucr-decodebcoe,decode.engr.ucr.edu
ucr-nc4bcoe,nc4.ucr.edu
ucr-nc4bcoe,nc4.engr.ucr.edu
ucr-christopherlabbcoe,christopherlab.engr.ucr.edu
ucr-microfluidicsbcoe,microfluidics.cs.ucr.edu
ucr-eceannualreport2021bcoe,eceannualreport2021.engr.ucr.edu
ucr-e3bcoe,e3.ucr.edu
ucr-bioannualreport2021bcoe,bioannualreport2021.engr.ucr.edu
ucr-engineeringweekbcoe,engineeringweek.engr.ucr.edu
ucr-kawailabbcoe,kawailab.engr.ucr.edu
ucr-canbcoe,can.ucr.edu
ucr-barsantigrpbcoe,barsantigrp.engr.ucr.edu
ucr-bien15yrbcoe,15years.bioeng.ucr.edu
ucr-chenlabbcoe,chenlab.ucr.edu
ucr-vcgbcoe,vcg.engr.ucr.edu
ucr-vcgbcoe,vcg.ee.ucr.edu
ucr-vcgbcoe,vcg.ece.ucr.edu
ucr-vcgbcoe,vlg.engr.ucr.edu
ucr-ceebcoe,www.cee.ucr.edu
ucr-ceebcoe,cee.ucr.edu
ucr-cenbcoe,ce.ucr.edu
ucr-cenbcoe,www.ce.ucr.edu
ucr-cenbcoe,cen.ucr.edu
ucr-cenbcoe,www.cen.ucr.edu
ucr-graduatebcoe,graduate.engr.ucr.edu
ucr-dcockerbcoe,cockerlab.engr.ucr.edu
ucr-nsbebcoe,nsbe.engr.ucr.edu
ucr-joshuamorganbcoe,timelab.engr.ucr.edu
ucr-elainehabererlabbcoe,habererlab.engr.ucr.edu
ucr-titaniacoatingsbcoe,titaniacoatings.engr.ucr.edu
ucr-csbcoe,dub.cs.ucr.edu
ucr-csbcoe,www1.cs.ucr.edu
ucr-bic2018bcoe,bic2018.engr.ucr.edu
ucr-websitesbcoe,websites.engr.ucr.edu
ucr-ramsbcoe,rams.engr.ucr.edu
ucr-roboticsbcoe,robotics.ucr.edu
ucr-roboticsbcoe,robotics.engr.ucr.edu
ucr-jointesdbcoe,www.jointesd.engr.ucr.edu
ucr-jointesdbcoe,jointesd.ucr.edu
ucr-jointesdbcoe,jointesd.engr.ucr.edu
ucr-crisbcoe,www.cris.ucr.edu
ucr-crisbcoe,cris.engr.ucr.edu
ucr-crisbcoe,cris.ucr.edu
ucr-cgrconsortiumbcoe,cgr-consortium.engr.ucr.edu
ucr-cellulosicbiomasslabbcoe,cellulosicbiomasslab.engr.ucr.edu
ucr-collinslabbcoe,collinslab.engr.ucr.edu
ucr-familyweekendbcoe,bcoefamilyweekend.engr.ucr.edu
ucr-cecertbcoe,cert.ucr.edu
ucr-cecertbcoe,www.cert.ucr.edu
ucr-terahertzspinbcoe,terahertzspin.engr.ucr.edu
ucr-orientationbcoe,orientation.engr.ucr.edu
ucr-me2bcoe,me.ucr.edu
ucr-me2bcoe,www.me.ucr.edu
ucr-xianglabbcoe,xianglab.ucr.edu
ucr-beccemmbcoe,beccemm.engr.ucr.edu
ucr-treatlabbcoe,treat.ucr.edu
ucr-muribcoe,muri.engr.ucr.edu
ucr-muribcoe,muri.ucr.edu
ucr-studentbcoe,student.engr.ucr.edu
ucr-laksarilabbcoe,laksarilab.engr.ucr.edu
ucr-laksarilabbcoe,laksarilab.ucr.edu
ucr-taheribcoe,taheri.engr.ucr.edu
ucr-taheribcoe,www.taheri.engr.ucr.edu
ucr-hknbcoe,hkn.engr.ucr.edu
ucr-engr3bcoe,undergraduate.engr.ucr.edu
ucr-engr3bcoe,bournscollege.ucr.edu
ucr-engr3bcoe,bcoe.ucr.edu
ucr-engr3bcoe,engr.ucr.edu
ucr-engr3bcoe,www.engr.ucr.edu
ucr-msolbcoe,msol.engr.ucr.edu
ucr-msolbcoe,www.msol.ucr.edu
ucr-msolbcoe,msol.ucr.edu
ucr-bioeng2bcoe,www.bioengineering.ucr.edu
ucr-bioeng2bcoe,bioengineering.ucr.edu
ucr-bioeng2bcoe,bioeng.ucr.edu
ucr-bioeng2bcoe,www.bioeng.ucr.edu
ucr-gelabbcoe,gelab.engr.ucr.edu
ucr-ieeesynchrowaveformbcoe,ieee-synchrowaveform.engr.ucr.edu
ucr-rupiperlabbcoe,rupiperlab.engr.ucr.edu
ucr-ece2bcoe,ee.ucr.edu
ucr-ece2bcoe,www.ee.ucr.edu
ucr-ece2bcoe,ece.ucr.edu
ucr-ece2bcoe,www.ece.ucr.edu
ucr-datasciencebcoe,datascience.engr.ucr.edu
ucr-datasciencebcoe,datascience.ucr.edu
ucr-younjinlabbcoe,yminlab.engr.ucr.edu
ucr-mesabcoe,mesa.engr.ucr.edu
ucr-vafailabbcoe,vafai.engr.ucr.edu
ucr-guobcoe,guolab.engr.ucr.edu
ucr-wcgecbcoe,www.wcgec.ucr.edu
ucr-wcgecbcoe,wcgec.ucr.edu
ucr-biggsabcoe,biggsa.engr.ucr.edu
ucr-morikissymposiumbcoe,morikis-symposium.engr.ucr.edu
ucr-jwulabbcoe,jwulab.engr.ucr.edu
ucr-sciencetopolicy,s2p.ucr.edu
ucr-sciencetopolicy,sciencetopolicy.ucr.edu
ucr-menlabbcoe,menlab.engr.ucr.edu
ucr-hulabbcoe,hulab.engr.ucr.edu
ucr-hulabbcoe,hu.engr.ucr.edu
ucr-b2kbcoe,b2k.engr.ucr.edu
ucr-cib,cib.ucr.edu
ucr-cib,cib.engr.ucr.edu
ucr-stridebcoe,stride.engr.ucr.edu
ucr-lorenzobcoe,lorenzo.engr.ucr.edu
ucr-ds4gbcoe,ds4g.cs.ucr.edu
ucr-liugroup-bcoe,liugroup.ucr.edu
ucr-bioannualreport2020bcoe,bioannualreport2020.engr.ucr.edu
ucr-schultzlecturesbcoe,schultzlectures.engr.ucr.edu
ucr-testcentercsbcoe,testcenter.cs.ucr.edu
ucr-memencys,memencys.ucr.edu
ucr-nlpcsbcoe,nlp.cs.ucr.edu
ucr-megsabcoe,megsa.me.ucr.edu
ucr-megsabcoe,megsa.engr.ucr.edu
ucr-iasprojectbcoe,iasproject.engr.ucr.edu
ucr-ceanbcoe,cean.ucr.edu
ucr-ceanbcoe,cean.engr.ucr.edu
ucr-taslbcoe,tasl.ucr.edu
ucr-taslbcoe,tasl.engr.ucr.edu
